"Cod","X","Y","Z"
"M001",720227.662267115,9680900.97284314,2668
"M002",732260.172923403,9682764.18962588,2527
"M003",714574.477234104,9678422.27859736,2495
"M004",720877.975771222,9695101.94377702,2956
"M005",716116.787471007,9675857.09898731,2727
"M006",714669.028995898,9683686.49110837,2622
"M007",726028.350238864,9684203.2973027,3159
"M008",723010.051223116,9686686.06266116,2720
"M009",723664.810804397,9679572.14693186,2765
"M010",728817.838077732,9681929.83167022,2422
